{
  "$schema": "https://raw.githubusercontent.com/grafana/grafana/main/docs/sources/developers/plugins/plugin.schema.json",
  "type": "datasource",
  "name": "IIH Essentials",
  "id": "siemens-iihessentials-datasource",
  "metrics": true,
  "backend": true,
  "executable": "gpx_iih_essentials",
  "info": {
    "description": "Display the data from your IIH Essentials data service in Grafana.",
    "author": {
      "name": "Siemens"
    },
    "keywords": ["datasource"],
    "logos": {
      "small": "img/logo.svg",
      "large": "img/logo.svg"
    },
    "links": [],
    "screenshots": [],
    "version": "1.0.0",
    "updated": "2024-01-23"
  },
  "dependencies": {
    "grafanaDependency": ">=10.0.3",
    "plugins": []
  }
}
